[{
	"id": "0",
	"text": "농지 <input type='image' src='./resources/images/icons/search.png' id='nongji' width='13px' height='12.5px' style='margin-left:185px; cursor: pointer;' onclick=Ext.create('InAcc.view.west.SearchRealDB').searchCase(this.id);>",
	"iconCls": "layerNoneImg",
	"checked": false,
	"expanded": false,
	"children": [{
		"id": "NONGJI_KWA",
		"text": "<img src='http://202.68.238.120:8880/geonuris/wms?GDX=NK_Test.xml&VERSION=1.3.0&REQUEST=GetLegendGraphic&LAYER=NONGJI_KWA&FORMAT=image/png' width='12px' height='12px' style='margin-right:5px;'/>과수원",
		"iconCls": "layerIconSize layer2",
		"leaf": true,
		"checked": false
	},{
		"id": "NONGJI_NON",
		"text": "<img src='http://202.68.238.120:8880/geonuris/wms?GDX=NK_Test.xml&VERSION=1.3.0&REQUEST=GetLegendGraphic&LAYER=NONGJI_NON&FORMAT=image/png' width='12px' height='12px' style='margin-right:5px;'/>논",
		"iconCls": "layerIconSize layer2",
		"leaf": true,
		"checked": false
	},{
		"id": "NONGJI_BA",
		"sUrl": "",
		"text": "<img src='http://202.68.238.120:8880/geonuris/wms?GDX=NK_Test.xml&VERSION=1.3.0&REQUEST=GetLegendGraphic&LAYER=NONGJI_BA&FORMAT=image/png' width='12px' height='12px' style='margin-right:5px;'/>밭",
		"iconCls": "layerIconSize layer1",
		"leaf": true,
		"checked": false
	}]
}, {
	"id": "4",
	"text": "산업에너지 <input type='image' src='./resources/images/icons/search.png' id='saneob' width='13px' height='12.5px' style='margin-left:149px; cursor: pointer;' onclick=Ext.create('InAcc.view.west.SearchRealDB').searchCase(this.id);>",
	"iconCls": "layerNoneImg",
	"checked": false,
	"expanded": false,
	"children": [{
		"id": "SANEOB_GONG",
		"text": "<img src='http://202.68.238.120:8880/geonuris/wms?GDX=NK_Test.xml&VERSION=1.3.0&REQUEST=GetLegendGraphic&LAYER=SANEOB_GONG&FORMAT=image/png' width='12px' height='12px' style='margin-right:5px;'/>공업",
		"iconCls": "layerIconSize layer9",
		"leaf": true,
		"checked": false
	}, {
		"id": "SANEOB_KWAO",
		"text": "<img src='http://202.68.238.120:8880/geonuris/wms?GDX=NK_Test.xml&VERSION=1.3.0&REQUEST=GetLegendGraphic&LAYER=SANEOB_KWAO&FORMAT=image/png' width='12px' height='12px' style='margin-right:5px;'/>광산업",
		"iconCls": "layerIconSize layer10",
		"leaf": true,
		"checked": false
	},{
		"id": "SANEOB_SI",
		"text": "<img src='http://202.68.238.120:8880/geonuris/wms?GDX=NK_Test.xml&VERSION=1.3.0&REQUEST=GetLegendGraphic&LAYER=SANEOB_SI&FORMAT=image/png' width='12px' height='12px' style='margin-right:5px;'/>시장",
		"iconCls": "layerIconSize layer9",
		"leaf": true,
		"checked": false
	}, {
		"id": "SANEOB_ENG",
		"text": "<img src='http://202.68.238.120:8880/geonuris/wms?GDX=NK_Test.xml&VERSION=1.3.0&REQUEST=GetLegendGraphic&LAYER=SANEOB_ENG&FORMAT=image/png' width='12px' height='12px' style='margin-right:5px;'/>에너지",
		"iconCls": "layerIconSize layer10",
		"leaf": true,
		"checked": false
	},{
		"id": "SANEOB_EUI",
		"text": "<img src='http://202.68.238.120:8880/geonuris/wms?GDX=NK_Test.xml&VERSION=1.3.0&REQUEST=GetLegendGraphic&LAYER=SANEOB_EUI&FORMAT=image/png' width='12px' height='12px' style='margin-right:5px;'/>의료산업",
		"iconCls": "layerIconSize layer9",
		"leaf": true,
		"checked": false
	}, {
		"id": "SANEOB_HG",
		"text": "<img src='http://202.68.238.120:8880/geonuris/wms?GDX=NK_Test.xml&VERSION=1.3.0&REQUEST=GetLegendGraphic&LAYER=SANEOB_HG&FORMAT=image/png' width='12px' height='12px' style='margin-right:5px;'/>항공산업",
		"iconCls": "layerIconSize layer10",
		"leaf": true,
		"checked": false
	}, {
		"id": "SANEOB_HM",
		"text": "<img src='http://202.68.238.120:8880/geonuris/wms?GDX=NK_Test.xml&VERSION=1.3.0&REQUEST=GetLegendGraphic&LAYER=SANEOB_HM&FORMAT=image/png' width='12px' height='12px' style='margin-right:5px;'/>항만산업",
		"iconCls": "layerIconSize layer10",
		"leaf": true,
		"checked": false
	}]
},{
	"id": "12",
	"text": "산지 <input type='image' src='./resources/images/icons/search.png' id='sanji' width='13px' height='12.5px' style='margin-left:185px; cursor: pointer;' onclick=Ext.create('InAcc.view.west.SearchRealDB').searchCase(this.id);>",
	"iconCls": "tmdl:layerNoneImg",
	"checked": false,
	"expanded": false,
	"children": [{
		"id": "SANJI_NA",
		"text": "<img src='http://202.68.238.120:8880/geonuris/wms?GDX=NK_Test.xml&VERSION=1.3.0&REQUEST=GetLegendGraphic&LAYER=SANJI_NA&FORMAT=image/png' width='12px' height='12px' style='margin-right:5px;'/>나지",
		"iconCls": "layerIconSize layer17",
		"leaf": true,
		"checked": false
	},{
		"id": "SANJI_MU",
		"text": "<img src='http://202.68.238.120:8880/geonuris/wms?GDX=NK_Test.xml&VERSION=1.3.0&REQUEST=GetLegendGraphic&LAYER=SANJI_MU&FORMAT=image/png' width='12px' height='12px' style='margin-right:5px;'/>무립목지",
		"iconCls": "layerIconSize layer16",
		"leaf": true,
		"checked": false
	},{
		"id": "SANJI_IM",
		"text": "<img src='http://202.68.238.120:8880/geonuris/wms?GDX=NK_Test.xml&VERSION=1.3.0&REQUEST=GetLegendGraphic&LAYER=SANJI_IM&FORMAT=image/png' width='12px' height='12px' style='margin-right:5px;'/>임목지",
		"iconCls": "layerIconSize layer16",
		"leaf": true,
		"checked": false
	}]
}, {
	"id": "16",
	"text": "주택도시 <input type='image' src='./resources/images/icons/search.png' id='bldgcity' width='13px' height='12.5px' style='margin-left:161px; cursor: pointer;' onclick=Ext.create('InAcc.view.west.SearchRealDB').searchCase(this.id);>",
	"iconCls": "layerNoneImg",
	"checked": false,
	"expanded": false,
	"children": [{
		"id": "BLDGCITY_1IB",
		"text": "<img src='http://202.68.238.120:8880/geonuris/wms?GDX=NK_Test.xml&VERSION=1.3.0&REQUEST=GetLegendGraphic&LAYER=BLDGCITY_1IB&FORMAT=image/png' width='12px' height='12px' style='margin-right:5px;'/>제1종일반",
		"iconCls": "layerIconSize layer19",
		"leaf": true,
		"checked": false
	}, {
		"id": "BLDGCITY_2IB",
		"text": "<img src='http://202.68.238.120:8880/geonuris/wms?GDX=NK_Test.xml&VERSION=1.3.0&REQUEST=GetLegendGraphic&LAYER=BLDGCITY_2IB&FORMAT=image/png' width='12px' height='12px' style='margin-right:5px;'/>제2종일반",
		"iconCls": "layerIconSize layer20",
		"leaf": true,
		"checked": false
	}, {
		"id": "BLDGCITY_3IB",
		"text": "<img src='http://202.68.238.120:8880/geonuris/wms?GDX=NK_Test.xml&VERSION=1.3.0&REQUEST=GetLegendGraphic&LAYER=BLDGCITY_3IB&FORMAT=image/png' width='12px' height='12px' style='margin-right:5px;'/>제3종일반",
		"iconCls": "layerIconSize layer21",
		"leaf": true,
		"checked": false
	},{
		"id": "BLDGCITY_1JY",
		"text": "<img src='http://202.68.238.120:8880/geonuris/wms?GDX=NK_Test.xml&VERSION=1.3.0&REQUEST=GetLegendGraphic&LAYER=BLDGCITY_1JY&FORMAT=image/png' width='12px' height='12px' style='margin-right:5px;'/>제1종전용",
		"iconCls": "layerIconSize layer19",
		"leaf": true,
		"checked": false
	}, {
		"id": "BLDGCITY_2JY",
		"text": "<img src='http://202.68.238.120:8880/geonuris/wms?GDX=NK_Test.xml&VERSION=1.3.0&REQUEST=GetLegendGraphic&LAYER=BLDGCITY_2JY&FORMAT=image/png' width='12px' height='12px' style='margin-right:5px;'/>제2종전용",
		"iconCls": "layerIconSize layer20",
		"leaf": true,
		"checked": false
	}, {
		"id": "BLDGCITY_JUN",
		"text": "<img src='http://202.68.238.120:8880/geonuris/wms?GDX=NK_Test.xml&VERSION=1.3.0&REQUEST=GetLegendGraphic&LAYER=BLDGCITY_JUN&FORMAT=image/png' width='12px' height='12px' style='margin-right:5px;'/>준주거",
		"iconCls": "layerIconSize layer21",
		"leaf": true,
		"checked": false
	}]
}, {
	"id": "23",
	"text": "환경 <input type='image' src='./resources/images/icons/search.png' id='hwan' width='13px' height='12.5px' style='margin-left:186px; cursor: pointer;' onclick=Ext.create('InAcc.view.west.SearchRealDB').searchCase(this.id);>",
	"iconCls": "layerNoneImg",
	"checked": false,
	"expanded": false,
	"children": [{
		"id": "HWAN_GYO",
		"text": "<img src='http://202.68.238.120:8880/geonuris/wms?GDX=NK_Test.xml&VERSION=1.3.0&REQUEST=GetLegendGraphic&LAYER=HWAN_GYO&FORMAT=image/png' width='12px' height='12px' style='margin-right:5px;'/>교통",
		"iconCls": "layerIconSize layer27",
		"leaf": true,
		"checked": false
	},{
		"id": "HWAN_NA",
		"text": "<img src='http://202.68.238.120:8880/geonuris/wms?GDX=NK_Test.xml&VERSION=1.3.0&REQUEST=GetLegendGraphic&LAYER=HWAN_NA&FORMAT=image/png' width='12px' height='12px' style='margin-right:5px;'/>나지",
		"iconCls": "layerIconSize layer28",
		"leaf": true,
		"checked": false
	},{
		"id": "HWAN_SU",
		"text": "<img src='http://202.68.238.120:8880/geonuris/wms?GDX=NK_Test.xml&VERSION=1.3.0&REQUEST=GetLegendGraphic&LAYER=HWAN_SU&FORMAT=image/png' width='12px' height='12px' style='margin-right:5px;'/>수역",
		"iconCls": "layerIconSize layer28",
		"leaf": true,
		"checked": false
	},{
		"id": "HWAN_SJ",
		"text": "<img src='http://202.68.238.120:8880/geonuris/wms?GDX=NK_Test.xml&VERSION=1.3.0&REQUEST=GetLegendGraphic&LAYER=HWAN_SJ&FORMAT=image/png' width='12px' height='12px' style='margin-right:5px;'/>습지",
		"iconCls": "layerIconSize layer27",
		"leaf": true,
		"checked": false
	},{
		"id": "HWAN_CHO",
		"text": "<img src='http://202.68.238.120:8880/geonuris/wms?GDX=NK_Test.xml&VERSION=1.3.0&REQUEST=GetLegendGraphic&LAYER=HWAN_CHO&FORMAT=image/png' width='12px' height='12px' style='margin-right:5px;'/>초지",
		"iconCls": "layerIconSize layer26",
		"leaf": true,
		"checked": false
	}]
}]