[{
	"id": "0",
	"text": "시설물",
	"expanded": false,
	"children": [{
		"id": "B0010000",
		"text": "<img src='http://202.68.238.120:8880/geonuris/wms?GDX=NK_Test.xml&VERSION=1.3.0&REQUEST=GetLegendGraphic&LAYER=B0010000&FORMAT=image/png' width='12px' height='12px' style='margin-right:5px;'/>건물",
		"iconCls": "layerIconSize layer1",
		"leaf": true,
		"checked": false
	},{
		"id": "C0010000",
		"text": "<img src='http://202.68.238.120:8880/geonuris/wms?GDX=NK_Test.xml&VERSION=1.3.0&REQUEST=GetLegendGraphic&LAYER=C0010000&FORMAT=image/png' width='12px' height='12px' style='margin-right:5px;'/>댐",
		"iconCls": "layerIconSize layer1",
		"leaf": true,
		"checked": false
	},{
		"id": "C0025336",
		"text": "<img src='http://202.68.238.120:8880/geonuris/wms?GDX=NK_Test.xml&VERSION=1.3.0&REQUEST=GetLegendGraphic&LAYER=C0025336&FORMAT=image/png' width='12px' height='12px' style='margin-right:5px;'/>부두",
		"iconCls": "layerIconSize layer1",
		"leaf": true,
		"checked": false
	},{
		"id": "C0600000",
		"text": "<img src='http://202.68.238.120:8880/geonuris/wms?GDX=NK_Test.xml&VERSION=1.3.0&REQUEST=GetLegendGraphic&LAYER=C0600000&FORMAT=image/png' width='12px' height='12px' style='margin-right:5px;'/>비행장",
		"iconCls": "layerIconSize layer1",
		"leaf": true,
		"checked": false
	},{
		"id": "C0600001",
		"text": "<img src='http://202.68.238.120:8880/geonuris/wms?GDX=NK_Test.xml&VERSION=1.3.0&REQUEST=GetLegendGraphic&LAYER=C0600001&FORMAT=image/png' width='12px' height='12px' style='margin-right:5px;'/>비행장점",
		"iconCls": "layerIconSize layer1",
		"leaf": true,
		"checked": false
	},{
		"id": "C0700000",
		"text": "<img src='http://202.68.238.120:8880/geonuris/wms?GDX=NK_Test.xml&VERSION=1.3.0&REQUEST=GetLegendGraphic&LAYER=C0700000&FORMAT=image/png' width='12px' height='12px' style='margin-right:5px;'/>전력생산시설",
		"iconCls": "layerIconSize layer1",
		"leaf": true,
		"checked": false
	}]
},{
	"id": "1",
	"text": "교통",
	"expanded": false,
	"children": [{
		"id": "A0070000",
		"text": "<img src='http://202.68.238.120:8880/geonuris/wms?GDX=NK_Test.xml&VERSION=1.3.0&REQUEST=GetLegendGraphic&LAYER=A0070000&FORMAT=image/png' width='12px' height='12px' style='margin-right:5px;'/>교량",
		"iconCls": "layerIconSize layer1",
		"leaf": true,
		"checked": false
	},{
		"id": "A0010000",
		"text": "<img src='http://202.68.238.120:8880/geonuris/wms?GDX=NK_Test.xml&VERSION=1.3.0&REQUEST=GetLegendGraphic&LAYER=A0010000&FORMAT=image/png' width='12px' height='12px' style='margin-right:5px;'/>도로경계",
		"iconCls": "layerIconSize layer1",
		"leaf": true,
		"checked": false
	},{
		"id": "A0020001",
		"text": "<img src='http://202.68.238.120:8880/geonuris/wms?GDX=NK_Test.xml&VERSION=1.3.0&REQUEST=GetLegendGraphic&LAYER=A0020001&FORMAT=image/png' width='12px' height='12px' style='margin-right:5px;'/>도로노드높이",
		"iconCls": "layerIconSize layer1",
		"leaf": true,
		"checked": false
	},{
		"id": "A0020000",
		"text": "<img src='http://202.68.238.120:8880/geonuris/wms?GDX=NK_Test.xml&VERSION=1.3.0&REQUEST=GetLegendGraphic&LAYER=A0020000&FORMAT=image/png' width='12px' height='12px' style='margin-right:5px;'/>도로중심선",
		"iconCls": "layerIconSize layer1",
		"leaf": true,
		"checked": false
	},{
		"id": "A0160024",
		"text": "<img src='http://202.68.238.120:8880/geonuris/wms?GDX=NK_Test.xml&VERSION=1.3.0&REQUEST=GetLegendGraphic&LAYER=A0160024&FORMAT=image/png' width='12px' height='12px' style='margin-right:5px;'/>철도경계",
		"iconCls": "layerIconSize layer1",
		"leaf": true,
		"checked": false
	},{
		"id": "A0170001",
		"text": "<img src='http://202.68.238.120:8880/geonuris/wms?GDX=NK_Test.xml&VERSION=1.3.0&REQUEST=GetLegendGraphic&LAYER=A0170001&FORMAT=image/png' width='12px' height='12px' style='margin-right:5px;'/>철도망",
		"iconCls": "layerIconSize layer1",
		"leaf": true,
		"checked": false
	},{
		"id": "A0140001",
		"text": "<img src='http://202.68.238.120:8880/geonuris/wms?GDX=NK_Test.xml&VERSION=1.3.0&REQUEST=GetLegendGraphic&LAYER=A0140001&FORMAT=image/png' width='12px' height='12px' style='margin-right:5px;'/>철도역",
		"iconCls": "layerIconSize layer1",
		"leaf": true,
		"checked": false
	},{
		"id": "A0171119",
		"text": "<img src='http://202.68.238.120:8880/geonuris/wms?GDX=NK_Test.xml&VERSION=1.3.0&REQUEST=GetLegendGraphic&LAYER=A0171119&FORMAT=image/png' width='12px' height='12px' style='margin-right:5px;'/>철도중심선",
		"iconCls": "layerIconSize layer1",
		"leaf": true,
		"checked": false
	},{
		"id": "N3A_A0110020",
		"text": "<img src='http://202.68.238.120:8880/geonuris/wms?GDX=NK_Test.xml&VERSION=1.3.0&REQUEST=GetLegendGraphic&LAYER=N3A_A0110020&FORMAT=image/png' width='12px' height='12px' style='margin-right:5px;'/>터널",
		"iconCls": "layerIconSize layer1",
		"leaf": true,
		"checked": false
	}]
},{
	"id": "2",
	"text": "수자원",
	"expanded": false,
	"children": [{
		"id": "E0032111",
		"text": "<img src='http://202.68.238.120:8880/geonuris/wms?GDX=NK_Test.xml&VERSION=1.3.0&REQUEST=GetLegendGraphic&LAYER=E0032111&FORMAT=image/png' width='12px' height='12px' style='margin-right:5px;'/>실폭하천",
		"iconCls": "layerIconSize layer1",
		"leaf": true,
		"checked": false
	},{
		"id": "E0010001",
		"text": "<img src='http://202.68.238.120:8880/geonuris/wms?GDX=NK_Test.xml&VERSION=1.3.0&REQUEST=GetLegendGraphic&LAYER=E0010001&FORMAT=image/png' width='12px' height='12px' style='margin-right:5px;'/>하천경계",
		"iconCls": "layerIconSize layer1",
		"leaf": true,
		"checked": false
	},{
		"id": "E0020001",
		"text": "<img src='http://202.68.238.120:8880/geonuris/wms?GDX=NK_Test.xml&VERSION=1.3.0&REQUEST=GetLegendGraphic&LAYER=E0020001&FORMAT=image/png' width='12px' height='12px' style='margin-right:5px;'/>하천노드높이",
		"iconCls": "layerIconSize layer1",
		"leaf": true,
		"checked": false
	},{
		"id": "E0020000",
		"text": "<img src='http://202.68.238.120:8880/geonuris/wms?GDX=NK_Test.xml&VERSION=1.3.0&REQUEST=GetLegendGraphic&LAYER=E0020000&FORMAT=image/png' width='12px' height='12px' style='margin-right:5px;'/>하천중심선",
		"iconCls": "layerIconSize layer1",
		"leaf": true,
		"checked": false
	},{
		"id": "E0052114",
		"text": "<img src='http://202.68.238.120:8880/geonuris/wms?GDX=NK_Test.xml&VERSION=1.3.0&REQUEST=GetLegendGraphic&LAYER=E0052114&FORMAT=image/png' width='12px' height='12px' style='margin-right:5px;'/>호수/저수지",
		"iconCls": "layerIconSize layer1",
		"leaf": true,
		"checked": false
	}]
},{
	"id": "3",
	"text": "기준점",
	"expanded": false,
	"children": [{
		"id": "H0020000",
		"text": "<img src='http://202.68.238.120:8880/geonuris/wms?GDX=NK_Test.xml&VERSION=1.3.0&REQUEST=GetLegendGraphic&LAYER=H0020000&FORMAT=image/png' width='12px' height='12px' style='margin-right:5px;'/>기준점",
		"iconCls": "layerIconSize layer1",
		"leaf": true,
		"checked": false
	}]
},{
	"id": "4",
	"text": "행정경계",
	"expanded": false,
	"children": [{
		"id": "NK_SGG",
		"text": "<img src='http://202.68.238.120:8880/geonuris/wms?GDX=NK_Test.xml&VERSION=1.3.0&REQUEST=GetLegendGraphic&LAYER=NK_SGG&FORMAT=image/png' width='12px' height='12px' style='margin-right:5px;'/>시군구경계",
		"iconCls": "layerIconSize layer1",
		"leaf": true,
		"checked": false
	},{
		"id": "NK_SIDO",
		"text": "<img src='http://202.68.238.120:8880/geonuris/wms?GDX=NK_Test.xml&VERSION=1.3.0&REQUEST=GetLegendGraphic&LAYER=NK_SIDO&FORMAT=image/png' width='12px' height='12px' style='margin-right:5px;'/>시도경계",
		"iconCls": "layerIconSize layer1",
		"leaf": true,
		"checked": false
	},{
		"id": "H0040000",
		"text": "<img src='http://202.68.238.120:8880/geonuris/wms?GDX=NK_Test.xml&VERSION=1.3.0&REQUEST=GetLegendGraphic&LAYER=H0040000&FORMAT=image/png' width='12px' height='12px' style='margin-right:5px;'/>지명",
		"iconCls": "layerIconSize layer1",
		"leaf": true,
		"checked": false
	}]
}]