[{
	"id": "0",
	"text": "영상지도",
	"expanded": true,
	"children": [{
		"id": "Aspect5m.xml",
		"text": "ASPECT",
		"iconCls": "layerIconSize layer1",
		"leaf": true,
		"checked": false
	},{
		"id": "DEM5m.xml",
		"text": "DEM",
		"iconCls": "layerIconSize layer2",
		"leaf": true,
		"checked": false
	},{
		"id": "Hillshade5m.xml",
		"text": "Hillshade",
		"iconCls": "layerIconSize layer2",
		"leaf": true,
		"checked": false
	},{
		"id": "ImageData.xml",
		"text": "정사영상",
		"iconCls": "layerIconSize layer2",
		"leaf": true,
		"checked": false
	},{
		"id": "Slope5m.xml",
		"text": "SLOPE",
		"iconCls": "layerIconSize layer2",
		"leaf": true,
		"checked": false
	}]
}]