[{"id":"3710200000","name":"사리원시"},{"id":"3710100000","name":"개성시"},{"id":"3410300000","name":"희천시"},{"id":"3621400000","name":"회창군"},{"id":"3621300000","name":"평원군"},{"id":"3621200000","name":"증산군"},{"id":"3621100000","name":"은산군"},{"id":"3621000000","name":"양덕군"},{"id":"3620900000","name":"신양군"},{"id":"3620800000","name":"숙천군"},{"id":"3620700000","name":"성천군"},{"id":"1100008000","name":"모란봉구역"},{"id":"3710300000","name":"송림시"},{"id":"3410200000","name":"만포시"},{"id":"3410100000","name":"강계시"},{"id":"3510300000","name":"정주시"},{"id":"3510200000","name":"구성시"},{"id":"3510100000","name":"신의주시"},{"id":"3310100000","name":"혜산시"},{"id":"3240100000","name":"금호지구"},{"id":"3230100000","name":"수동구"},{"id":"3221500000","name":"홍원군"},{"id":"3221400000","name":"허천군"},{"id":"3221300000","name":"함주군"},{"id":"3821800000","name":"청단군"},{"id":"3821700000","name":"재령군"},{"id":"3821600000","name":"장연군"},{"id":"3821500000","name":"은천군"},{"id":"3821400000","name":"은율군"},{"id":"3821300000","name":"옹진군"},{"id":"3821200000","name":"연안군"},{"id":"3821100000","name":"안악군"},{"id":"3821000000","name":"신천군"},{"id":"3820900000","name":"신원군"},{"id":"3820800000","name":"송화군"},{"id":"3820700000","name":"삼천군"},{"id":"3820600000","name":"봉천군"},{"id":"3820500000","name":"벽성군"},{"id":"3820400000","name":"배천군"},{"id":"3820300000","name":"용연군"},{"id":"3820200000","name":"과일군"},{"id":"3820100000","name":"강령군"},{"id":"3722000000","name":"승호구역"},{"id":"3721900000","name":"중화군"},{"id":"3210400000","name":"신포시"},{"id":"3121500000","name":"경흥군"},{"id":"3210300000","name":"단천시"},{"id":"3210200000","name":"흥남시"},{"id":"3210100000","name":"함흥시"},{"id":"3721800000","name":"상원군"},{"id":"3721700000","name":"강남군"},{"id":"3721600000","name":"황주군"},{"id":"3721500000","name":"평산군"},{"id":"3721400000","name":"토산군"},{"id":"3721300000","name":"장풍군"},{"id":"3721200000","name":"은파군"},{"id":"3721100000","name":"연탄군"},{"id":"3721000000","name":"연산군"},{"id":"3720900000","name":"신평군"},{"id":"3720800000","name":"신계군"},{"id":"3720700000","name":"수안군"},{"id":"3720600000","name":"서흥군"},{"id":"3720500000","name":"봉산군"},{"id":"3720400000","name":"인산군"},{"id":"3720300000","name":"개풍군"},{"id":"3720200000","name":"금천군"},{"id":"3720100000","name":"곡산군"},{"id":"3421000000","name":"자성군"},{"id":"3420900000","name":"위원군"},{"id":"3420800000","name":"우시군"},{"id":"3420700000","name":"시중군"},{"id":"3420600000","name":"송원군"},{"id":"3420500000","name":"성간군"},{"id":"3420400000","name":"용림군"},{"id":"3420300000","name":"낭림군"},{"id":"3320700000","name":"보천군"},{"id":"3421100000","name":"장강군"},{"id":"3910200000","name":"문천시"},{"id":"3910100000","name":"원산시"},{"id":"3810100000","name":"해주시"},{"id":"3621500000","name":"청남구"},{"id":"3522300000","name":"향산군"},{"id":"3522200000","name":"피현군"},{"id":"3522100000","name":"태천군"},{"id":"3522000000","name":"철산군"},{"id":"3521900000","name":"천마군"},{"id":"3521800000","name":"창성군"},{"id":"3521700000","name":"의주군"},{"id":"3521600000","name":"운전군"},{"id":"3521500000","name":"운산군"},{"id":"3521400000","name":"염주군"},{"id":"3521300000","name":"신도군"},{"id":"3521100000","name":"선천군"},{"id":"3521000000","name":"삭주군"},{"id":"3520900000","name":"벽동군"},{"id":"3520800000","name":"박천군"},{"id":"3320600000","name":"백암군"},{"id":"3320500000","name":"대홍단군"},{"id":"3320400000","name":"김형직군"},{"id":"3320300000","name":"김형권군"},{"id":"3320200000","name":"김정숙군"},{"id":"3320100000","name":"갑산군"},{"id":"3120600000","name":"명천군"},{"id":"3120800000","name":"부령군"},{"id":"3610500000","name":"안주시"},{"id":"3610400000","name":"순천시"},{"id":"3610300000","name":"덕천시"},{"id":"3610200000","name":"개천시"},{"id":"3610100000","name":"평성시"},{"id":"3110106000","name":"청진시 청암구역"},{"id":"3110105000","name":"청진시 신암구역"},{"id":"3110104000","name":"청진시 수남구역"},{"id":"3110103000","name":"청진시 송평구역"},{"id":"3110102000","name":"청진시 부윤구역"},{"id":"1100014000","name":"순안구역"},{"id":"1100002000","name":"대성구역"},{"id":"2220500000","name":"천리마구역"},{"id":"2220400000","name":"온천군"},{"id":"2220300000","name":"용강군"},{"id":"3520700000","name":"용천군"},{"id":"3520400000","name":"대관군"},{"id":"3520300000","name":"영변군"},{"id":"2100000000","name":"나선특별시"},{"id":"2220100000","name":"강서구역"},{"id":"2200002000","name":"항구구역"},{"id":"3520200000","name":"구장군"},{"id":"3520100000","name":"곽산군"},{"id":"3120700000","name":"무산군"},{"id":"3220100000","name":"고원군"},{"id":"3121400000","name":"온성군"},{"id":"3121300000","name":"연사군"},{"id":"3121200000","name":"어랑군"},{"id":"3121100000","name":"명간군"},{"id":"3121000000","name":"화대군"},{"id":"3120900000","name":"경원군"},{"id":"1100011000","name":"삼석구역"},{"id":"3110107000","name":"청진시 포항구역"},{"id":"1100015000","name":"중구역"},{"id":"3110101000","name":"청진시 나남구역"},{"id":"1100006000","name":"용성구역"},{"id":"1100005000","name":"역포구역"},{"id":"2220200000","name":"대안구역"},{"id":"1100017000","name":"형제산구역"},{"id":"1100016000","name":"평천구역"},{"id":"3921500000","name":"회양군"},{"id":"3921400000","name":"평강군"},{"id":"3921300000","name":"판교군"},{"id":"3921200000","name":"통천군"},{"id":"3921100000","name":"철원군"},{"id":"3921000000","name":"천내군"},{"id":"3920900000","name":"창도군"},{"id":"3920800000","name":"이천군"},{"id":"3920700000","name":"안변군"},{"id":"3920600000","name":"세포군"},{"id":"3920500000","name":"법동군"},{"id":"1100012000","name":"서성구역"},{"id":"3920400000","name":"김화군"},{"id":"3920300000","name":"금강군"},{"id":"3920200000","name":"고성군"},{"id":"3920100000","name":"고산군"},{"id":"3821900000","name":"태탄군"},{"id":"3621600000","name":"은곡지구"},{"id":"3420200000","name":"동신군"},{"id":"3420100000","name":"고풍군"},{"id":"3321100000","name":"풍서군"},{"id":"3321000000","name":"운흥군"},{"id":"3320900000","name":"삼지연군"},{"id":"3320800000","name":"삼수군"},{"id":"3620600000","name":"북창군"},{"id":"3620500000","name":"문덕군"},{"id":"3620400000","name":"맹산군"},{"id":"3620300000","name":"대흥군"},{"id":"3620200000","name":"대동군"},{"id":"3620100000","name":"영원군"},{"id":"3520600000","name":"동창군"},{"id":"3520500000","name":"동림군"},{"id":"3421500000","name":"화평군"},{"id":"3421400000","name":"초산군"},{"id":"3421300000","name":"중강군"},{"id":"3421200000","name":"전천군"},{"id":"3221200000","name":"정평군"},{"id":"3221100000","name":"장진군"},{"id":"3221000000","name":"요덕군"},{"id":"3220900000","name":"영광군"},{"id":"3220800000","name":"신흥군"},{"id":"3220700000","name":"북청군"},{"id":"3220600000","name":"부전군"},{"id":"3220500000","name":"이원군"},{"id":"3220400000","name":"낙원군"},{"id":"3220300000","name":"덕성군"},{"id":"3220200000","name":"금야군"},{"id":"3120500000","name":"길주군"},{"id":"3120400000","name":"경성군"},{"id":"1100003000","name":"동대원구역"},{"id":"3110300000","name":"회령시"},{"id":"3110200000","name":"김책시"},{"id":"1100009000","name":"보통강구역"},{"id":"1100013000","name":"선교구역"},{"id":"2200001000","name":"와우도구역"},{"id":"1120100000","name":"강동군"},{"id":"1100018000","name":"은정구역"},{"id":"1100001000","name":"대동강구역"},{"id":"1100010000","name":"사동구역"},{"id":"1100007000","name":"만경대구역"},{"id":"1100004000","name":"낙랑구역"}]